word,countrycode,year,month,day,hour,minute,second,recognized,c1,c2,c3,c4,c5,c6,c7,c8,c9
1,235,2017,03,08,21,12,7,1,22,24,0,42,61,58,31,34,0
1,39,2017,03,06,21,39,4,0,1,2,6,48,70,36,10,3,3
1,235,2017,03,23,02,08,35,1,0,12,0,32,57,39,0,19,0
1,235,2017,03,10,00,35,17,1,0,25,0,43,36,18,3,31,0
1,108,2017,01,23,18,11,11,1,1,40,8,45,45,55,0,42,4
1,235,2017,03,02,19,06,55,1,0,32,0,39,65,43,0,42,4
1,59,2017,03,27,19,32,38,1,1,30,0,33,55,40,0,31,0
1,13,2017,03,29,09,25,50,1,0,0,0,46,64,48,0,2,3
1,134,2017,03,25,10,17,56,1,4,27,0,46,54,49,0,28,0
1,31,2017,03,15,23,26,35,1,3,10,2,58,67,44,10,22,0
1,235,2017,03,11,02,19,18,1,0,35,5,50,49,41,4,34,17
1,13,2017,03,01,02,33,27,0,0,0,0,46,63,49,0,3,0
1,235,2017,03,06,23,29,59,1,0,20,19,40,53,42,11,44,11
1,235,2017,03,29,15,08,20,1,0,6,11,54,65,53,24,12,0
1,235,2017,01,29,15,53,16,1,0,36,10,33,61,41,12,46,9
1,234,2017,01,23,12,22,11,1,0,26,5,54,62,72,12,29,6
1,235,2017,03,07,17,27,35,1,0,0,11,33,44,60,0,3,14
1,182,2017,03,18,12,34,36,1,0,12,16,36,61,53,0,24,0
1,201,2017,03,22,21,53,51,1,0,24,0,32,55,27,10,40,0
1,82,2017,01,28,10,19,9,1,11,32,0,26,45,41,18,21,12
1,235,2017,01,26,01,47,20,1,0,12,3,47,65,56,0,3,24
1,39,2017,03,29,00,05,25,1,0,9,2,52,71,51,0,14,2
1,234,2017,03,03,21,26,48,0,6,51,11,22,55,35,27,38,20
1,165,2017,03,27,08,48,56,1,0,20,3,44,52,46,2,29,7
1,235,2017,01,24,17,49,42,1,0,14,0,35,60,54,0,12,8
1,102,2017,03,28,04,42,20,1,0,30,0,31,49,40,0,35,2
1,235,2017,01,23,04,53,4,1,0,4,0,40,65,43,0,11,0
1,235,2017,03,25,17,59,44,1,3,10,0,51,62,42,0,17,0
1,118,2017,03,19,11,22,52,1,0,31,5,54,65,57,7,50,0
1,235,2017,03,15,17,33,30,1,0,32,0,34,63,48,7,38,0
1,235,2017,01,27,19,57,29,1,11,13,0,44,57,35,25,18,0
1,235,2017,03,23,16,57,48,1,7,0,16,38,46,57,0,0,14
1,156,2017,03,26,21,56,17,1,2,8,0,37,62,35,0,12,0
1,233,2017,03,17,04,49,9,1,0,32,0,22,48,50,23,46,4
1,235,2017,03,09,23,58,55,1,0,12,16,36,68,40,0,15,5
1,232,2017,03,03,11,43,29,1,0,38,0,34,61,43,7,27,0
1,234,2017,03,20,10,53,53,1,0,24,19,37,30,30,22,35,29
1,176,2017,03,04,18,39,22,1,22,11,16,44,53,29,21,21,38
1,235,2017,03,19,01,01,0,1,0,15,0,34,57,45,0,19,0
1,108,2017,03,23,19,10,0,1,0,29,17,40,75,48,0,34,9
1,235,2017,03,11,02,23,27,1,16,22,27,39,57,61,9,25,4
1,235,2017,03,13,00,41,41,1,0,22,3,34,65,44,0,29,0
1,234,2017,03,04,11,20,54,1,6,12,0,48,58,42,1,24,5
1,158,2017,03,26,07,39,31,1,0,16,7,37,69,51,0,17,8
1,234,2017,01,25,13,08,32,1,0,30,17,38,60,48,0,5,42
1,235,2017,03,01,16,42,21,1,0,7,3,37,70,55,24,3,0
1,82,2017,01,27,16,12,35,1,0,42,0,31,58,35,0,42,0
1,235,2017,03,09,17,02,16,0,10,31,0,33,42,53,16,37,13
1,74,2017,03,04,09,01,48,1,1,16,11,45,55,59,0,11,32
1,202,2017,03,26,16,52,26,1,8,19,1,42,71,50,0,25,0
1,75,2017,01,27,11,08,40,1,0,5,0,33,65,42,0,10,0
1,235,2017,03,08,14,32,8,1,0,28,0,35,62,32,0,9,21
1,235,2017,01,27,04,24,48,1,0,20,0,50,47,41,0,21,15
1,13,2017,01,28,04,19,39,1,10,27,13,52,54,36,3,28,3
1,235,2017,03,26,23,05,59,1,0,0,8,34,45,64,19,19,11
1,194,2017,01,26,21,08,23,1,5,29,0,46,53,47,2,33,0
1,235,2017,03,26,18,13,26,1,14,6,10,44,66,58,7,8,30
1,234,2017,03,26,16,43,49,1,1,9,0,30,54,36,0,12,0
1,59,2017,03,10,18,46,5,1,0,1,48,28,63,16,44,28,0
1,235,2017,01,25,03,43,12,1,4,42,0,38,48,54,0,45,10
1,235,2017,03,07,00,27,42,0,0,0,0,38,62,40,0,6,0
1,235,2017,03,10,16,14,38,1,0,26,22,28,55,38,32,37,1
1,82,2017,03,14,10,26,7,1,0,9,2,38,68,43,0,18,0
1,220,2017,01,31,06,31,11,1,7,10,10,59,45,48,6,22,8
1,234,2017,03,09,06,56,20,1,30,20,6,21,53,43,15,11,0
1,235,2017,01,26,17,16,6,1,0,15,0,33,49,50,12,20,0
1,194,2017,03,18,11,11,14,1,0,13,6,55,44,47,3,22,13
1,179,2017,03,28,11,56,50,1,0,22,0,39,58,50,0,27,0
1,235,2017,03,10,20,13,45,1,0,0,21,15,13,22,28,31,8
1,235,2017,03,02,14,40,32,0,0,2,0,31,68,32,2,11,0
1,234,2017,03,03,14,56,55,0,0,7,2,49,63,64,7,14,0
1,75,2017,03,08,13,23,18,1,5,9,8,37,58,43,0,6,8
1,75,2017,03,26,18,50,33,1,40,9,0,23,58,40,0,23,39
1,235,2017,03,13,04,25,27,1,5,26,11,60,47,49,18,23,18
1,235,2017,03,26,17,32,43,1,6,22,16,37,61,65,0,27,2
1,235,2017,01,23,23,28,2,1,11,0,0,56,40,21,2,27,23
1,235,2017,01,30,21,33,5,1,7,22,2,38,54,33,0,36,28
1,235,2017,01,31,02,47,43,1,14,19,0,58,71,43,11,30,0
1,108,2017,03,15,16,49,8,1,0,9,37,38,53,48,0,6,50
1,75,2017,03,22,09,37,4,1,0,28,0,37,60,32,0,27,0
1,138,2017,03,28,02,24,6,1,7,17,0,49,62,42,0,21,0
1,182,2017,03,16,17,41,10,1,0,12,2,46,75,58,0,18,0
1,235,2017,01,24,22,11,22,1,5,28,0,43,49,48,0,28,19
1,235,2017,03,07,19,08,32,0,29,25,49,28,79,25,41,24,12
1,235,2017,03,02,21,04,19,1,28,14,24,33,66,25,0,32,20
1,31,2017,01,25,22,21,2,1,5,26,1,26,63,49,8,30,0
1,165,2017,01,23,16,08,54,1,0,10,0,32,48,37,0,12,3
1,234,2017,03,11,21,51,10,1,0,13,34,37,51,40,0,33,0
1,235,2017,01,23,18,52,8,1,0,18,0,34,51,45,0,24,3
1,215,2017,03,15,21,26,8,1,19,24,0,29,63,20,37,23,34
1,235,2017,03,10,04,43,16,0,0,38,0,9,41,16,2,58,4
1,220,2017,03,15,12,57,25,1,11,14,12,44,64,49,5,21,0
1,235,2017,03,12,01,21,56,1,5,37,30,27,26,40,21,46,0
1,109,2017,01,23,14,27,20,1,2,32,7,37,52,42,0,19,29
1,118,2017,03,19,05,27,49,1,0,29,30,39,61,28,0,36,0
1,235,2017,01,24,13,30,27,1,0,0,5,31,57,56,0,3,9
1,75,2017,03,05,17,55,5,1,0,43,0,41,39,47,5,47,13
1,39,2017,03,09,02,50,38,1,0,30,17,46,56,53,38,2,1
1,234,2017,03,12,22,56,24,1,0,0,12,43,47,36,5,11,0
1,31,2017,03,13,00,53,40,1,0,3,4,42,53,47,0,8,0
1,235,2017,03,24,16,25,57,1,0,17,6,45,69,63,9,30,20
1,13,2017,03,06,22,56,44,1,10,35,0,52,52,46,0,44,8
1,156,2017,03,01,10,41,57,1,0,21,0,37,56,47,0,33,0
1,235,2017,03,27,17,54,36,1,2,13,2,43,55,38,6,13,0
1,234,2017,01,29,20,22,32,1,25,20,0,41,52,56,0,26,0
1,65,2017,01,25,19,49,28,1,0,11,8,38,54,55,0,16,0
1,233,2017,03,28,16,26,33,1,0,4,1,12,46,47,0,7,0
1,235,2017,01,31,02,33,36,1,0,14,0,41,63,44,0,7,9
1,156,2017,01,26,09,41,38,1,0,15,0,39,57,48,0,27,0
1,59,2017,03,03,18,30,37,1,19,43,0,41,66,47,0,46,0
1,31,2017,01,26,12,06,17,1,0,32,0,46,56,43,0,43,0
1,156,2017,01,24,20,00,40,1,6,27,13,38,36,59,28,41,9
1,235,2017,03,11,12,38,6,1,0,38,3,46,77,59,0,38,9
1,235,2017,03,29,02,37,40,1,0,31,14,41,47,45,0,35,27
1,235,2017,03,29,13,48,57,1,0,44,6,43,40,45,6,49,0
1,75,2017,03,06,21,48,31,1,0,0,13,20,33,52,29,33,27
1,143,2017,03,28,19,40,52,1,0,0,4,36,57,57,0,7,0
1,13,2017,03,16,01,12,32,1,16,10,5,43,56,39,0,16,0
1,174,2017,01,28,06,41,49,1,8,20,0,47,72,47,0,21,0
1,74,2017,03,17,10,58,41,1,11,0,0,37,58,47,0,19,0
1,194,2017,01,29,18,42,56,1,5,9,22,41,57,36,5,21,0
1,235,2017,03,08,22,39,59,1,0,0,30,39,52,44,7,26,34
1,235,2017,03,21,17,01,46,1,0,8,37,35,58,25,3,29,20
1,214,2017,03,01,22,34,11,1,6,0,0,61,72,45,0,17,3
1,39,2017,03,03,18,41,7,1,0,26,2,31,56,42,0,30,0
1,235,2017,03,01,14,40,3,1,0,0,22,43,59,62,0,26,4
1,13,2017,03,20,23,38,23,1,0,5,0,42,58,41,0,8,0
1,18,2017,03,10,03,21,47,0,6,11,8,61,75,61,23,10,1
1,156,2017,03,26,17,58,39,1,0,7,3,20,45,31,0,11,0
1,181,2017,03,10,19,31,22,1,0,28,0,46,46,44,0,31,0
1,109,2017,03,05,16,56,53,0,11,3,26,42,43,40,16,33,30
1,235,2017,01,25,19,00,21,1,16,0,0,34,60,43,20,26,9
1,214,2017,03,17,11,37,34,1,10,38,14,55,78,61,2,53,8
1,235,2017,03,17,02,34,9,1,0,41,0,31,38,31,13,44,16
1,182,2017,03,21,14,06,56,1,0,18,3,40,62,47,0,17,13
1,235,2017,03,06,18,57,23,0,0,17,3,42,54,67,12,24,4
1,235,2017,03,08,17,10,54,1,0,34,0,40,47,48,6,39,6
1,81,2017,03,11,13,02,0,1,7,20,0,33,64,41,0,30,0
1,235,2017,03,28,01,11,17,1,10,26,7,47,51,55,0,14,28
1,235,2017,03,11,13,56,29,1,0,6,0,48,64,36,0,10,0
1,235,2017,03,25,21,47,10,1,0,32,13,38,55,40,2,50,10
1,235,2017,01,27,12,03,55,1,0,26,0,48,69,49,0,33,0
1,235,2017,01,29,14,00,46,1,0,24,0,36,42,39,12,42,10
1,234,2017,03,12,15,56,51,1,0,13,0,37,54,45,0,20,0
1,233,2017,03,16,13,09,14,1,5,6,10,38,51,28,19,15,27
1,235,2017,03,04,03,05,22,1,0,0,7,47,60,61,18,17,9
1,102,2017,03,05,05,54,14,1,0,25,0,25,58,30,4,36,0
1,31,2017,01,30,19,46,33,1,0,16,3,41,66,42,0,17,0
1,234,2017,03,20,12,10,7,1,0,0,3,23,49,59,16,7,10
1,227,2017,01,30,06,00,17,1,18,2,0,52,47,39,16,43,9
1,235,2017,01,31,17,00,26,1,0,15,0,35,44,44,0,23,0
1,235,2017,01,25,17,35,10,1,7,0,0,53,48,54,0,2,21
1,235,2017,03,15,00,55,51,1,0,16,13,36,67,44,7,24,0
1,75,2017,03,01,20,08,24,1,5,29,7,40,62,39,0,34,23
1,31,2017,03,26,20,52,37,1,4,2,5,51,60,49,8,7,0
1,235,2017,03,19,21,56,30,1,0,1,29,23,65,55,34,20,8
1,235,2017,03,02,15,12,26,1,0,20,0,40,70,43,0,22,0
1,235,2017,01,30,22,11,8,1,0,10,0,43,68,44,0,14,0
1,194,2017,03,16,10,39,4,1,0,12,7,38,52,44,0,21,0
1,235,2017,03,03,02,31,3,1,0,10,5,46,43,45,2,28,9
1,235,2017,03,28,12,06,56,1,0,18,6,39,65,57,3,25,3
1,59,2017,03,23,12,35,21,1,0,16,3,37,54,54,0,27,0
1,109,2017,03,06,20,26,33,1,4,0,5,50,58,49,7,11,16
1,74,2017,01,26,15,03,21,1,2,29,0,55,53,45,11,39,0
1,214,2017,03,16,12,57,32,1,0,5,0,44,61,55,0,10,5
1,234,2017,03,09,09,18,43,0,0,0,0,42,65,43,2,1,0
1,75,2017,03,09,07,41,35,1,7,26,0,50,34,22,10,29,0
1,59,2017,03,25,09,39,37,1,39,32,36,42,58,40,2,38,5
1,234,2017,03,18,23,17,24,1,0,10,0,45,56,46,3,13,0
1,39,2017,03,16,00,40,45,1,0,0,13,36,67,47,0,26,0
1,235,2017,03,28,21,55,58,1,24,24,0,41,39,51,11,30,19
1,235,2017,03,13,03,03,17,1,8,25,5,38,73,64,0,25,0
1,232,2017,03,18,15,02,16,1,3,0,0,52,41,39,9,4,0
1,234,2017,03,19,10,18,0,1,0,34,0,24,49,32,19,45,14
1,235,2017,03,24,13,02,7,1,0,14,0,40,66,38,0,20,0
1,235,2017,03,29,19,08,22,1,0,24,3,39,39,44,4,37,6
1,234,2017,03,13,07,52,25,1,0,20,11,37,68,48,0,10,14
1,182,2017,03,15,11,09,39,1,0,21,0,46,60,43,0,23,0
1,111,2017,01,31,12,18,19,1,8,12,3,42,69,61,7,18,18
1,234,2017,03,19,19,03,36,1,0,30,5,39,24,43,11,23,28
1,209,2017,03,26,18,18,17,1,4,29,0,33,63,46,25,39,19
1,235,2017,03,07,12,37,29,1,0,15,0,39,57,44,13,17,0
1,235,2017,03,02,16,54,17,1,0,22,0,45,52,49,0,30,0
1,100,2017,03,06,12,25,28,1,1,24,0,40,56,52,7,23,3
1,235,2017,03,16,00,29,42,1,0,25,27,42,57,51,1,22,0
1,75,2017,03,26,13,38,39,1,9,1,27,42,53,54,28,16,0
1,82,2017,03,03,07,41,23,1,0,3,28,29,57,50,7,20,35
1,235,2017,03,08,21,02,40,0,2,14,0,59,62,36,19,27,20
1,234,2017,03,11,16,53,29,1,6,27,0,37,58,50,7,41,1
1,235,2017,03,16,22,01,38,1,0,11,0,28,62,50,0,17,0
1,182,2017,03,06,13,17,55,1,0,22,12,37,66,45,0,34,2
1,21,2017,01,28,15,27,8,1,0,13,0,33,59,43,0,17,0
1,109,2017,03,06,17,22,3,1,1,14,13,51,48,49,5,13,7
1,177,2017,03,12,10,58,39,1,6,0,0,42,64,54,4,12,0
1,18,2017,03,21,16,44,42,1,0,15,0,51,69,48,4,21,0
1,109,2017,03,01,17,00,26,1,0,0,21,46,50,51,5,24,33
1,118,2017,03,19,07,13,22,1,0,22,32,35,66,58,7,25,0
1,118,2017,03,24,23,44,6,1,0,7,0,34,50,53,5,11,3
1,235,2017,03,15,17,29,57,1,24,12,28,44,54,42,22,30,0
1,128,2017,03,22,10,11,57,1,0,24,1,40,58,59,7,32,0
1,84,2017,03,26,21,35,31,1,0,7,8,41,58,54,3,13,2
1,202,2017,03,26,20,15,38,1,0,7,5,40,54,59,0,11,0
1,59,2017,03,10,13,10,33,1,0,15,0,31,62,34,0,28,7
1,69,2017,03,25,13,30,54,1,0,0,3,15,48,59,15,9,1
1,31,2017,01,29,05,14,41,1,6,21,4,39,52,40,7,32,17
1,235,2017,03,06,19,08,38,1,0,3,5,27,52,43,0,5,6
1,235,2017,03,06,05,05,39,0,0,2,0,49,71,62,0,7,5
1,235,2017,03,11,00,48,33,1,23,19,0,36,41,41,6,39,15
1,234,2017,01,30,09,25,15,1,0,1,22,54,61,40,23,2,0
1,28,2017,03,09,20,00,56,1,12,9,27,46,66,42,26,4,22
1,235,2017,01,25,02,39,29,1,0,8,17,29,71,59,15,23,11
1,177,2017,03,11,10,12,54,1,3,17,12,40,47,46,11,26,0
1,235,2017,03,09,21,16,12,1,0,29,7,49,58,44,7,26,4
1,235,2017,01,24,03,37,33,1,7,46,7,51,47,34,4,62,11
1,235,2017,03,20,23,10,17,1,36,29,5,50,61,57,4,42,0
1,214,2017,03,14,15,50,5,1,0,0,0,53,65,56,0,3,9
1,235,2017,03,24,18,09,37,1,0,35,4,37,27,26,0,31,16
1,109,2017,01,31,11,39,49,1,13,44,18,31,59,40,3,45,19
1,235,2017,03,05,04,25,8,0,0,3,9,40,66,53,6,11,28
1,235,2017,03,03,17,29,47,1,0,21,0,37,62,43,0,31,4
1,234,2017,01,25,17,58,17,1,0,0,14,53,56,45,0,15,16
1,235,2017,03,09,17,05,9,1,15,18,20,27,52,49,0,16,24
1,109,2017,03,28,16,04,45,1,0,29,4,41,49,41,10,27,24
1,235,2017,01,28,05,45,11,1,26,9,18,26,44,40,0,38,33
1,182,2017,01,28,12,11,42,1,0,0,7,25,56,66,19,17,11
1,39,2017,03,10,00,13,13,1,0,23,0,25,61,41,14,43,7
1,235,2017,03,17,18,32,38,1,0,37,3,38,47,47,0,39,4
1,235,2017,03,27,16,03,18,1,0,23,0,40,44,44,7,24,0
1,235,2017,03,12,05,12,49,1,0,0,0,48,48,68,7,0,0
1,64,2017,03,12,23,11,30,1,11,21,9,50,49,46,11,37,24
1,48,2017,03,03,16,26,4,1,0,3,0,46,59,43,0,5,0
1,235,2017,03,28,19,26,9,1,19,23,0,47,54,47,0,31,16
1,235,2017,03,21,16,34,25,1,6,58,17,46,56,35,19,40,0
1,102,2017,03,03,07,31,11,1,6,31,26,20,38,45,26,31,25
1,103,2017,03,06,08,37,40,0,6,5,25,37,54,26,32,20,7
1,174,2017,03,28,05,46,20,1,0,18,0,23,43,44,15,30,5
1,55,2017,03,03,15,33,22,1,0,26,0,35,47,41,2,44,13
1,235,2017,01,31,19,59,6,1,11,7,0,43,64,47,0,17,0
1,177,2017,03,13,00,34,38,1,1,15,0,53,68,49,0,15,3
1,235,2017,03,24,21,09,1,1,0,7,21,33,63,51,13,33,13
1,233,2017,03,27,13,42,3,1,0,29,0,49,57,49,6,37,0
1,59,2017,03,04,12,50,7,1,16,19,0,50,52,45,22,19,0
1,235,2017,03,10,03,10,25,0,0,25,24,24,57,59,12,51,19
1,141,2017,01,23,09,27,0,1,9,8,4,46,57,51,20,17,10
1,128,2017,03,14,13,10,48,1,2,33,0,41,70,44,0,48,0
1,235,2017,01,30,15,33,20,1,0,16,0,34,70,44,0,21,0
1,156,2017,03,08,12,11,58,0,5,14,23,46,51,41,5,18,31
1,235,2017,03,11,22,25,54,1,0,25,0,38,51,47,0,20,13
1,55,2017,01,24,00,12,16,1,0,11,3,44,67,41,21,9,13
1,235,2017,01,31,20,15,25,1,0,41,0,13,55,16,0,45,0
1,235,2017,03,27,22,58,32,1,30,27,0,37,69,46,23,30,0
1,235,2017,03,21,17,30,41,1,20,2,3,50,54,49,0,26,0
1,214,2017,03,10,09,16,15,1,0,38,0,34,69,49,3,45,3
1,235,2017,03,28,12,22,51,1,0,0,9,45,60,45,0,24,0
1,234,2017,03,13,21,28,4,1,0,7,6,42,37,50,0,12,8
1,214,2017,03,16,13,06,39,1,0,23,0,44,61,41,7,37,0
1,235,2017,03,10,01,15,53,1,0,6,13,36,51,23,0,19,0
1,39,2017,03,10,19,00,18,1,7,2,0,50,60,40,0,13,5
1,176,2017,03,07,10,41,41,1,0,10,10,44,65,48,18,10,0
1,235,2017,03,06,22,17,47,1,0,39,4,23,46,38,2,28,18
1,220,2017,01,25,08,53,37,1,0,18,38,42,76,49,0,35,0
1,37,2017,03,08,15,25,9,1,0,11,8,36,66,55,0,1,23
1,100,2017,03,14,20,23,51,1,5,51,1,29,49,40,2,29,17
1,235,2017,03,13,00,59,48,1,0,31,7,43,40,38,0,45,12
1,235,2017,03,22,17,05,2,1,1,7,0,48,67,50,0,11,1
1,39,2017,03,27,21,54,10,1,7,20,6,49,55,46,0,29,0
1,199,2017,03,10,13,16,13,1,0,16,0,20,58,50,26,20,33
1,201,2017,03,15,17,34,29,1,1,22,17,37,59,34,0,14,0
1,235,2017,01,31,18,48,40,1,2,17,0,44,49,39,2,21,0
1,31,2017,01,25,21,27,16,1,0,6,6,35,63,62,0,12,4
1,109,2017,03,23,14,48,26,1,0,2,13,39,55,59,0,5,26
1,235,2017,01,30,04,49,41,1,0,2,8,22,43,56,0,7,10
1,233,2017,03,15,05,01,32,1,0,36,5,21,44,38,10,41,13
1,235,2017,01,24,00,35,45,1,9,5,0,47,56,45,1,15,0
1,235,2017,01,24,15,18,39,1,0,10,9,42,74,61,14,14,0
1,109,2017,03,09,14,53,17,1,0,11,22,26,36,48,15,37,9
1,235,2017,01,23,18,41,12,1,0,26,0,58,58,51,1,37,1
1,82,2017,01,25,10,53,27,1,0,32,0,25,38,28,10,59,9
1,234,2017,01,27,14,56,14,1,0,10,2,33,60,43,0,14,2
1,75,2017,01,28,23,03,9,1,3,9,12,40,65,50,0,19,0
1,39,2017,01,29,04,26,1,1,0,35,0,49,39,50,0,45,5
1,85,2017,03,01,10,10,32,0,0,9,0,38,66,62,0,21,0
1,182,2017,01,25,20,26,23,1,18,15,10,27,49,24,33,26,41
1,28,2017,01,24,23,45,36,1,0,12,8,37,67,42,0,27,0
1,235,2017,01,31,03,44,40,1,0,39,0,40,45,53,0,52,0
1,235,2017,03,15,02,26,15,1,0,6,20,27,63,41,0,29,0
1,235,2017,03,03,16,53,49,1,10,17,4,31,61,43,18,0,0
1,103,2017,03,18,11,05,24,1,0,13,14,37,61,44,0,19,0
1,13,2017,03,04,06,56,17,0,0,11,0,42,37,42,7,25,18
1,55,2017,03,28,21,09,12,1,3,8,0,40,64,34,3,13,0
1,13,2017,01,27,06,52,30,1,9,32,14,43,52,51,9,18,0
1,82,2017,03,19,08,52,50,1,0,9,0,49,62,49,0,14,0
1,235,2017,03,21,23,03,54,1,0,19,41,32,65,40,24,25,0
1,227,2017,03,06,10,09,22,1,2,15,0,43,59,43,0,12,0
1,235,2017,01,29,20,00,9,1,0,0,0,44,60,57,0,0,0
1,103,2017,03,29,13,15,56,1,0,0,15,29,42,39,0,23,0
1,109,2017,03,04,11,07,9,1,0,11,0,34,65,50,0,19,0
1,134,2017,03,10,06,56,1,1,0,32,0,30,65,35,0,41,0
1,235,2017,03,26,23,02,31,1,0,14,14,38,52,52,0,20,0
1,235,2017,03,08,20,11,27,1,0,5,4,42,65,47,0,14,0
1,235,2017,01,25,17,47,10,1,0,18,0,30,65,42,0,18,0
1,214,2017,03,24,08,17,38,1,16,20,0,32,56,49,25,17,0
1,235,2017,01,23,19,33,1,1,0,22,0,43,62,48,0,21,3
1,13,2017,01,28,03,41,8,1,0,24,0,41,39,46,0,30,5
1,235,2017,03,27,23,18,27,1,3,0,0,46,58,43,0,10,0
1,82,2017,03,20,14,53,20,1,32,30,3,36,59,36,0,35,13
1,100,2017,03,19,08,00,29,1,3,15,41,38,32,57,0,34,8
1,234,2017,03,15,11,36,17,1,0,27,8,23,56,49,26,32,32
1,235,2017,01,25,02,31,46,1,3,17,0,30,65,47,0,19,4
1,235,2017,03,27,17,32,5,1,0,22,0,23,49,37,0,24,0
1,182,2017,03,02,11,27,14,1,0,0,10,54,62,30,0,12,0
1,235,2017,03,17,16,54,51,1,0,7,11,33,63,33,29,19,15
1,235,2017,03,02,19,18,55,0,24,27,27,72,81,81,32,36,36
1,214,2017,03,26,22,19,26,1,1,5,8,36,60,47,0,5,14
1,214,2017,01,24,11,16,30,1,5,4,10,33,75,39,15,10,3
1,82,2017,03,03,21,32,45,0,0,0,2,31,48,58,0,0,5
1,31,2017,01,27,15,12,25,1,5,44,23,25,52,48,6,29,25
1,235,2017,03,23,13,59,30,1,2,12,0,44,68,46,0,18,3
1,235,2017,01,25,23,32,32,1,0,37,0,40,42,41,0,37,5
1,235,2017,03,25,01,56,50,1,5,32,0,39,60,36,5,42,14
1,235,2017,01,25,00,25,18,1,0,19,3,36,55,46,0,31,8
1,235,2017,03,23,19,09,21,1,0,17,20,44,74,37,0,24,0
1,235,2017,03,15,14,59,47,1,19,10,38,55,50,47,8,40,28
1,13,2017,01,31,01,49,43,1,0,16,4,22,66,52,31,8,0
1,234,2017,03,27,10,24,49,1,0,11,3,39,54,46,0,15,4
1,232,2017,03,26,19,41,26,1,0,15,15,51,47,46,14,14,19
1,235,2017,01,23,19,06,48,1,24,26,3,47,52,50,18,33,2
1,14,2017,03,27,07,09,13,1,0,22,15,38,64,27,11,24,0
1,235,2017,03,07,18,55,23,1,7,19,8,66,65,67,0,23,4
1,31,2017,01,28,18,58,35,1,25,0,0,22,59,52,0,22,0
1,235,2017,01,24,20,31,15,1,0,16,0,37,56,62,0,19,0
1,182,2017,03,26,12,17,24,1,0,29,0,24,48,24,16,66,29
1,235,2017,03,22,21,45,58,1,4,30,0,34,51,48,6,33,0
1,235,2017,03,26,21,01,0,1,0,35,5,12,45,39,12,43,15
1,235,2017,03,25,03,51,50,1,0,15,4,42,63,54,12,16,10
1,235,2017,01,31,15,00,20,1,0,7,2,43,63,49,0,12,0
1,114,2017,03,14,16,36,49,1,0,16,19,21,48,16,0,25,27
1,156,2017,03,10,14,49,22,1,0,12,0,37,47,34,0,16,0
1,235,2017,01,24,01,05,1,1,0,9,0,40,60,41,0,19,0
1,174,2017,03,02,10,01,43,0,2,46,24,49,49,64,10,59,6
1,100,2017,03,06,17,58,26,0,6,8,0,50,41,9,0,26,15
1,235,2017,01,24,19,56,42,1,0,31,0,39,64,46,0,39,2
1,232,2017,03,29,18,43,41,1,17,27,22,29,31,39,14,55,1
1,100,2017,03,02,20,55,33,1,0,33,0,39,44,41,4,46,1
1,39,2017,01,27,01,39,55,1,0,5,2,35,63,41,0,12,0
1,150,2017,03,27,03,43,23,1,0,0,14,49,41,52,20,23,0
1,31,2017,03,01,14,20,25,1,0,15,2,44,62,45,0,22,0
1,235,2017,01,24,15,55,14,1,0,32,2,31,56,59,7,12,29
1,214,2017,01,27,08,06,36,1,2,0,0,57,59,43,9,4,0
1,235,2017,03,14,18,00,51,1,0,0,18,18,60,54,32,29,23
1,194,2017,01,24,14,44,42,1,9,38,2,42,50,38,0,35,0
1,241,2017,01,29,02,20,24,1,39,14,0,45,47,46,17,28,0
1,235,2017,03,08,15,51,6,1,3,18,0,38,44,46,8,34,1
1,235,2017,03,18,04,45,20,1,0,0,17,35,44,55,5,13,20
1,235,2017,03,07,03,50,3,1,0,11,27,41,45,56,5,37,0
1,235,2017,03,15,17,23,0,1,5,0,0,47,35,48,1,10,0
1,235,2017,01,25,03,45,25,1,24,23,11,52,44,41,23,24,1
1,3,2017,03,14,17,50,59,1,0,7,8,33,58,46,6,17,11
1,235,2017,03,10,21,00,53,1,0,23,0,43,66,45,0,27,12
1,235,2017,03,09,20,52,52,1,2,0,2,35,40,38,0,5,0
1,59,2017,03,05,15,51,33,1,0,17,7,39,61,68,0,22,7
1,194,2017,03,14,12,33,53,1,0,10,0,36,57,45,8,13,0
1,235,2017,01,27,13,15,16,1,0,36,8,45,67,42,12,35,0
1,235,2017,03,25,04,27,12,1,13,3,11,53,55,49,0,19,0
1,182,2017,03,09,18,57,38,0,2,0,0,42,38,52,0,0,4
1,137,2017,03,07,17,53,27,1,0,8,6,40,67,53,0,14,2
1,235,2017,03,07,15,36,40,1,0,0,6,34,52,56,4,17,3
1,14,2017,01,27,12,04,40,1,0,11,6,35,63,46,2,15,3
1,109,2017,03,26,19,00,1,1,0,0,2,50,60,55,0,0,6
1,235,2017,03,13,13,50,1,1,0,15,0,43,62,45,9,22,0
1,234,2017,03,19,14,18,10,1,0,1,22,39,63,45,27,4,0
1,241,2017,01,24,04,12,40,1,0,24,26,49,25,29,4,56,13
1,82,2017,03,06,18,42,14,0,2,23,0,48,35,39,5,30,4
1,235,2017,03,29,01,07,53,1,0,29,0,36,64,46,2,43,14
1,74,2017,03,26,17,05,20,1,5,6,20,45,52,55,9,28,0
1,74,2017,03,08,09,17,43,1,0,8,5,33,73,49,20,10,0
1,235,2017,03,13,17,15,58,1,0,7,0,37,59,41,0,11,0
1,234,2017,03,20,10,16,6,1,2,11,0,42,59,37,6,16,0
1,234,2017,03,23,18,23,41,1,0,18,3,40,63,62,0,23,4
1,82,2017,01,27,15,12,26,1,15,2,0,44,66,45,0,14,8
1,118,2017,03,22,11,27,5,1,5,11,19,38,59,55,0,26,8
1,182,2017,01,23,16,19,56,1,17,5,7,38,55,41,6,20,0
1,33,2017,03,09,13,53,2,1,2,9,12,46,56,52,0,0,25
1,235,2017,03,14,13,03,18,1,0,2,0,48,59,39,5,0,0
1,235,2017,03,02,03,34,22,1,0,19,10,38,56,47,0,26,5
1,234,2017,03,16,12,12,21,1,1,21,11,53,49,49,2,34,0
1,235,2017,03,28,19,45,22,1,7,18,42,37,36,50,15,25,7
1,39,2017,03,18,15,20,34,1,0,7,0,38,59,51,0,8,0
1,176,2017,03,07,15,04,19,1,0,26,3,37,66,51,0,40,0
1,235,2017,03,12,22,38,16,1,12,3,9,48,45,49,15,18,21
1,234,2017,03,22,19,35,52,1,0,16,3,35,66,41,0,20,0
1,235,2017,03,17,18,10,51,1,0,0,0,40,66,45,6,9,8
1,235,2017,03,24,22,01,28,1,20,43,7,54,65,41,12,45,0
1,75,2017,03,22,17,17,26,1,0,13,10,38,59,45,5,26,1
1,134,2017,01,25,12,46,22,1,0,43,0,24,68,37,3,52,3
1,232,2017,01,25,18,13,1,1,0,0,11,45,59,50,3,20,0
1,167,2017,03,11,17,25,54,1,0,14,0,39,54,47,0,22,0
1,103,2017,01,29,12,11,4,1,2,15,7,54,53,46,25,38,6
1,232,2017,01,28,19,18,30,1,0,17,4,48,57,49,0,17,8
1,28,2017,03,03,17,17,30,0,0,0,0,52,61,48,0,0,0
1,235,2017,03,04,21,05,58,1,0,43,0,34,48,46,0,51,1
1,65,2017,03,16,14,15,56,1,0,13,0,27,56,35,0,19,0
1,235,2017,03,18,20,06,42,1,0,21,4,4,63,44,40,26,7
1,74,2017,03,23,17,33,34,1,17,22,0,46,47,42,2,27,0
1,233,2017,01,29,13,01,31,1,0,11,6,29,71,61,26,25,13
1,196,2017,03,14,22,47,0,1,3,21,0,49,47,40,7,23,5
1,13,2017,03,14,06,11,13,1,2,4,0,48,61,42,9,4,0
1,82,2017,01,26,16,06,57,1,15,0,4,54,64,55,14,16,7
1,235,2017,03,07,01,12,42,1,12,0,29,36,58,44,26,39,30
1,215,2017,01,23,19,25,6,1,0,4,0,40,62,53,0,9,6
1,2,2017,03,10,15,30,28,1,0,2,0,47,70,53,0,10,0
1,235,2017,03,09,05,45,34,0,5,2,4,64,62,61,6,7,4
1,235,2017,03,01,14,41,37,1,0,0,38,39,44,52,0,0,38
1,235,2017,03,12,22,19,2,1,0,5,43,43,64,18,0,7,33
1,235,2017,03,06,20,15,33,0,14,2,1,60,65,46,22,3,14
1,232,2017,03,10,19,42,14,1,0,3,12,40,57,52,0,18,18
1,235,2017,03,24,15,39,22,1,1,19,23,43,47,51,0,6,38
1,39,2017,03,02,06,18,42,1,0,27,1,39,43,47,0,33,0
1,39,2017,03,01,20,46,8,1,10,0,0,41,51,53,25,23,19
1,235,2017,03,12,00,23,7,1,0,10,13,42,64,38,0,19,0
1,235,2017,03,16,15,52,3,1,6,24,0,51,47,41,23,24,7
1,74,2017,03,03,16,03,29,1,33,31,27,16,53,40,38,38,11
1,235,2017,03,08,17,58,28,0,24,25,27,72,81,81,32,36,36
1,235,2017,03,13,11,17,23,1,5,10,0,48,59,45,3,21,14
1,13,2017,03,11,19,59,22,1,0,17,32,27,60,59,26,26,3
1,235,2017,03,16,16,55,51,1,0,38,0,38,59,40,0,13,23
1,235,2017,03,10,02,42,50,0,0,0,0,20,23,21,0,0,0
1,235,2017,01,23,17,20,25,1,0,21,16,28,50,36,0,16,32
1,235,2017,03,05,15,57,8,0,11,0,4,0,0,6,0,2,4
1,234,2017,03,04,21,52,43,0,0,26,8,51,73,30,29,12,26
1,235,2017,03,02,20,26,52,1,0,0,3,38,48,47,0,9,18
1,235,2017,03,29,20,28,12,1,0,23,2,40,41,42,6,27,0
1,65,2017,01,28,14,09,23,1,5,31,9,40,40,43,13,52,16
1,235,2017,03,13,18,16,45,1,0,4,0,38,61,45,0,7,0
1,235,2017,03,08,03,24,29,1,9,0,0,51,42,41,4,27,10
1,235,2017,03,11,16,21,25,1,2,1,5,42,67,54,2,10,0
1,134,2017,03,28,14,22,20,1,0,0,0,43,67,43,2,0,2
1,235,2017,01,26,21,39,26,1,15,6,0,55,61,51,1,21,12
1,111,2017,01,31,17,13,0,1,0,31,18,19,52,45,38,31,35
1,235,2017,03,07,15,02,50,0,1,13,0,51,50,27,23,11,0
1,235,2017,03,10,20,43,22,1,21,6,7,50,48,40,5,23,0
1,235,2017,03,09,00,18,27,0,21,12,0,21,38,9,25,2,29
1,235,2017,03,05,08,48,4,1,0,40,16,44,58,51,0,48,0
1,103,2017,03,02,13,41,38,1,0,33,7,38,51,54,3,51,10
1,235,2017,03,03,20,53,12,1,0,28,3,19,50,49,8,38,7
1,194,2017,03,12,01,34,17,1,0,2,6,40,62,54,12,12,0
1,235,2017,01,26,07,00,12,1,0,28,0,43,58,48,21,31,0
1,234,2017,03,29,09,30,25,1,1,4,2,42,63,45,0,16,0
1,100,2017,03,10,18,52,9,1,0,28,17,49,64,46,1,30,0
1,235,2017,03,21,13,44,11,1,5,3,4,47,67,40,0,6,0
1,235,2017,03,21,16,37,30,1,0,22,2,50,50,43,0,11,16
1,235,2017,03,20,20,42,15,1,0,25,15,43,49,43,14,24,0
1,13,2017,03,29,21,08,4,1,0,36,0,25,51,31,5,46,7
1,234,2017,03,12,11,09,25,1,0,18,30,54,37,48,4,44,2
1,118,2017,03,26,12,51,42,1,0,18,4,42,41,47,0,19,19
1,31,2017,03,11,22,09,1,1,7,29,12,46,27,44,1,26,21
1,234,2017,03,24,03,22,19,1,0,15,0,35,53,45,7,29,1
1,235,2017,03,12,06,42,50,1,0,31,0,33,54,43,34,23,6
1,182,2017,03,21,13,01,59,1,0,7,6,42,67,50,10,5,0
1,235,2017,03,17,18,47,53,1,11,0,0,40,38,43,28,28,21
1,234,2017,03,03,14,34,21,1,0,7,1,45,54,49,0,12,1
1,235,2017,03,02,16,46,44,1,2,35,3,36,42,34,13,52,23
1,39,2017,03,27,22,15,37,1,0,10,14,30,52,61,8,17,26
1,235,2017,03,06,15,13,4,0,0,28,16,40,39,57,7,20,11
1,82,2017,03,25,20,33,41,1,8,11,11,31,54,50,0,13,4
1,235,2017,03,09,07,11,6,1,0,31,21,20,51,42,0,32,0
1,14,2017,03,01,10,36,50,1,0,0,5,41,69,58,0,15,23
1,182,2017,03,23,07,12,49,1,9,0,0,44,53,35,0,14,0
1,234,2017,03,21,16,35,46,1,0,25,20,47,53,38,7,15,26
1,235,2017,03,11,01,25,40,1,29,22,3,40,57,23,21,38,31
1,103,2017,03,26,17,12,53,1,2,0,0,50,68,44,4,12,0
1,182,2017,03,29,20,23,54,1,16,27,12,45,55,45,0,30,0
1,235,2017,03,15,03,49,20,1,4,23,0,5,58,49,29,29,19
1,235,2017,03,10,17,06,22,1,0,34,0,34,50,41,0,43,0
1,75,2017,01,25,17,46,13,1,2,20,1,44,63,47,0,25,1
1,235,2017,03,27,00,24,20,1,0,13,3,35,54,52,12,29,21
1,234,2017,01,23,22,04,29,1,0,30,6,42,60,41,0,40,0
1,75,2017,01,25,18,44,16,1,0,24,24,35,60,30,0,25,4
1,232,2017,03,18,14,04,18,1,9,7,0,34,64,26,4,5,28
1,82,2017,01,27,18,24,58,1,0,36,0,28,66,28,0,41,0
1,59,2017,03,05,16,23,16,1,0,0,6,35,53,55,0,15,1
1,111,2017,03,04,14,42,14,1,0,1,20,37,63,42,7,10,28
1,235,2017,01,31,15,33,36,1,4,6,1,46,68,43,0,14,0
1,176,2017,03,11,21,20,31,1,6,23,23,50,69,49,20,7,2
1,235,2017,01,23,23,53,50,1,0,11,23,25,57,51,15,21,32
1,174,2017,03,05,03,21,57,1,0,42,34,31,56,31,0,40,0
1,10,2017,03,27,02,58,10,1,9,0,5,48,43,48,22,11,7
1,235,2017,01,24,08,43,11,1,3,1,4,43,70,52,0,8,0
1,109,2017,03,10,11,40,42,1,0,9,1,38,62,51,0,13,3
1,234,2017,03,06,13,43,30,0,0,0,0,52,70,66,0,8,3
1,74,2017,03,20,19,31,58,1,16,10,37,38,44,54,0,11,31
1,174,2017,03,05,10,51,55,1,4,5,0,54,59,28,4,14,13
1,214,2017,03,07,17,29,4,1,3,45,18,44,59,48,5,46,2
1,235,2017,03,08,20,27,54,1,0,23,11,42,49,56,0,37,0
1,74,2017,03,01,19,01,35,1,8,31,0,16,64,21,0,39,0
1,235,2017,03,01,23,24,39,0,0,15,17,40,56,42,20,4,1
1,74,2017,03,06,17,15,46,1,0,24,0,46,45,39,6,39,15
1,21,2017,03,02,18,26,2,1,0,17,0,40,60,55,7,15,0
1,235,2017,03,02,19,20,35,1,8,29,0,63,50,40,21,32,0
1,235,2017,03,09,16,10,41,0,0,10,0,42,55,45,0,24,0
1,235,2017,03,21,13,06,2,1,9,9,9,44,41,48,0,15,7
1,235,2017,03,03,14,56,14,1,22,16,0,48,63,44,0,30,0
1,13,2017,03,18,01,34,31,1,6,9,16,43,50,39,0,24,0
1,235,2017,03,26,21,26,30,1,0,12,0,40,48,44,0,14,0
1,235,2017,03,20,14,13,3,1,10,18,0,55,59,48,13,20,0
1,205,2017,03,02,17,04,34,0,23,36,24,42,53,44,39,33,46
1,235,2017,03,03,00,17,13,1,4,10,15,48,52,54,2,24,4
1,10,2017,03,27,21,42,38,1,5,11,0,40,61,48,0,12,0
1,82,2017,01,26,15,22,51,1,0,20,0,36,43,41,7,33,6
1,235,2017,03,26,15,22,53,1,9,15,0,41,71,46,10,11,0
1,235,2017,03,25,01,01,33,1,0,21,17,42,56,53,26,21,0
1,82,2017,01,23,15,42,11,1,1,16,6,45,58,52,0,22,3
1,235,2017,03,24,18,42,14,1,0,28,23,36,60,43,0,29,6
1,100,2017,03,10,15,40,33,1,0,19,0,36,63,61,5,19,17
1,176,2017,03,01,10,00,25,1,0,15,0,35,48,46,8,36,9
1,215,2017,03,20,15,53,54,1,3,41,0,27,64,27,0,10,35
1,235,2017,01,28,21,06,39,1,29,15,7,16,47,58,0,26,23
1,60,2017,03,02,09,01,10,1,16,11,4,25,59,44,0,11,3
1,235,2017,03,22,17,20,36,1,0,0,3,40,55,55,0,10,3
1,74,2017,03,26,11,52,31,1,0,9,20,40,54,48,25,32,7
1,235,2017,03,15,13,57,20,1,28,6,0,43,52,38,2,33,0
1,13,2017,03,27,00,53,17,1,0,7,1,43,70,58,0,6,8
1,235,2017,03,29,17,27,35,1,15,11,6,51,53,50,13,19,0
1,194,2017,03,17,14,47,37,1,1,7,0,49,50,41,0,14,0
1,235,2017,01,28,17,03,19,1,0,0,18,46,43,42,5,22,6
1,235,2017,03,12,17,36,7,1,0,12,13,23,40,46,22,16,22
1,100,2017,03,09,06,00,43,0,0,0,16,17,61,46,32,32,7
1,235,2017,03,20,18,42,20,1,0,7,0,35,62,41,0,11,0
1,106,2017,03,22,01,45,41,1,0,21,13,42,58,47,0,30,0
1,235,2017,03,02,17,02,55,1,0,15,0,37,56,44,0,15,0
1,59,2017,03,10,16,57,40,1,0,21,10,50,52,52,4,21,0
1,235,2017,03,27,21,54,33,1,0,2,0,29,49,51,0,5,1
1,235,2017,03,23,14,12,31,1,0,36,7,28,61,43,0,41,9
1,235,2017,03,20,11,20,49,1,41,18,5,38,32,55,28,25,2
1,235,2017,03,06,03,02,3,0,4,9,39,39,45,17,34,61,38
1,234,2017,01,25,16,38,37,1,0,3,33,36,53,58,43,41,11
1,31,2017,03,18,23,03,6,1,3,20,14,37,60,43,0,44,0
1,241,2017,01,29,14,08,53,1,0,41,0,27,36,36,26,26,1
1,220,2017,03,21,04,11,25,1,0,1,10,39,54,68,0,21,6
1,106,2017,01,28,01,43,7,1,16,24,0,58,50,52,27,33,5
1,74,2017,01,24,07,13,36,1,0,43,9,39,44,59,33,20,0
1,235,2017,03,16,17,53,25,1,6,45,3,29,56,41,0,63,13
1,182,2017,03,24,19,16,23,1,0,20,4,40,63,56,9,30,0
1,235,2017,01,31,21,33,0,1,0,6,18,30,67,43,0,24,0
1,235,2017,03,04,18,15,27,0,0,0,0,33,45,46,0,0,0
1,31,2017,01,29,17,58,51,1,0,21,0,42,57,42,0,25,0
1,176,2017,03,05,14,54,39,1,0,6,14,45,68,50,15,8,0
1,234,2017,03,05,09,11,6,1,1,22,0,43,45,51,0,24,0
1,118,2017,03,26,12,18,11,1,0,0,8,39,49,54,2,17,11
1,235,2017,03,06,04,45,7,1,0,6,0,27,63,46,0,11,0
1,13,2017,01,27,12,17,8,1,0,40,0,24,53,32,8,49,8
1,235,2017,03,02,03,47,32,1,0,0,17,42,57,51,0,20,21
1,234,2017,03,25,17,40,59,1,12,10,28,49,67,42,12,28,0
1,235,2017,03,15,18,09,21,1,23,22,0,38,57,39,5,48,0
1,235,2017,03,04,13,54,26,1,0,36,14,17,46,43,18,46,6
1,235,2017,03,10,14,15,29,1,13,4,5,43,62,61,0,9,13
1,37,2017,03,11,03,22,28,1,0,26,42,35,71,34,0,41,24
1,235,2017,01,23,17,22,26,1,0,6,0,31,75,41,8,1,10
1,205,2017,03,14,12,16,59,1,0,14,8,39,47,49,0,22,1
1,176,2017,01,26,13,14,14,1,1,20,0,46,61,36,2,21,0
1,118,2017,03,19,07,13,34,1,8,25,25,34,55,59,0,17,11
1,235,2017,03,05,00,55,0,0,0,3,3,38,65,66,0,4,8
1,102,2017,03,12,15,49,19,1,17,51,2,42,46,41,11,49,11
1,235,2017,03,21,19,08,57,1,9,0,0,56,54,49,0,16,0
1,234,2017,03,18,11,18,12,1,7,0,0,51,68,40,11,4,0
1,156,2017,03,26,17,31,20,1,1,40,15,36,44,25,2,65,0
1,174,2017,03,23,04,05,24,1,0,40,0,18,52,26,0,57,12
1,13,2017,03,24,08,10,1,1,3,5,0,48,58,44,4,3,0
1,103,2017,03,15,05,51,41,1,2,19,0,45,37,42,13,35,13
1,201,2017,03,01,12,27,23,1,0,21,0,37,63,42,0,24,0
1,235,2017,01,28,22,22,19,1,0,0,13,39,75,42,0,18,0
1,234,2017,03,01,08,46,41,0,17,8,0,31,21,48,0,0,25
1,82,2017,03,01,12,30,40,0,3,0,0,56,43,39,6,7,7
1,235,2017,03,26,17,58,9,1,0,2,0,49,62,41,3,10,6
1,69,2017,03,08,06,02,44,1,5,6,6,49,59,45,21,13,0
1,234,2017,03,14,07,43,39,1,2,14,16,36,50,48,0,23,10
1,235,2017,03,01,17,06,56,1,0,3,0,48,61,41,3,7,0
1,235,2017,03,03,17,16,36,0,0,17,6,60,36,46,19,29,9
1,235,2017,03,10,04,28,53,1,0,30,13,39,47,59,0,13,22
1,74,2017,03,27,21,50,9,1,0,22,7,38,68,49,0,19,14
1,39,2017,03,08,15,35,35,1,10,11,4,45,46,55,0,7,16
1,232,2017,01,30,20,40,35,1,18,25,6,57,33,53,26,22,0
1,100,2017,03,11,19,10,45,1,0,0,8,43,52,46,11,6,0
1,217,2017,03,01,11,02,42,0,0,0,0,51,63,58,0,0,0
1,235,2017,01,28,04,36,50,1,0,7,0,37,60,47,0,12,0
1,235,2017,03,22,12,11,20,1,0,7,0,37,60,54,0,1,13
1,235,2017,03,01,22,11,20,0,0,4,0,42,64,48,0,10,0
1,39,2017,03,19,01,32,16,1,0,11,0,48,62,49,0,17,0
1,39,2017,03,26,02,27,13,1,0,12,20,41,47,52,0,18,14
1,235,2017,01,23,17,46,18,1,1,32,2,41,30,41,0,33,9
1,122,2017,03,09,13,53,2,1,3,42,11,44,63,40,13,34,0
1,63,2017,01,29,21,04,7,1,3,29,0,49,47,40,1,32,12
1,10,2017,03,04,09,09,3,1,0,39,1,11,46,26,3,58,8
1,3,2017,03,26,20,25,45,1,0,19,6,42,58,46,23,1,0
1,234,2017,03,16,09,43,50,1,0,14,9,40,55,53,0,22,8
1,235,2017,03,07,02,20,31,1,0,35,10,48,51,51,6,46,9
1,82,2017,01,30,17,08,58,1,0,27,13,37,60,53,0,45,3
1,235,2017,03,03,15,08,50,1,0,1,0,48,59,43,4,1,0
1,214,2017,03,12,10,32,8,1,0,29,14,29,28,49,12,48,10
1,235,2017,03,28,11,39,52,1,12,26,2,37,58,49,0,33,6
1,235,2017,03,14,22,51,12,1,6,0,3,48,62,58,0,3,11
1,214,2017,03,08,19,41,1,1,6,10,0,44,67,37,4,12,0
1,241,2017,03,01,05,21,35,1,12,5,0,56,48,47,0,20,0
1,20,2017,01,28,11,02,31,1,1,20,1,33,38,50,0,14,10
1,220,2017,03,05,15,56,45,1,9,1,9,46,58,61,0,18,0
1,13,2017,03,07,00,52,36,1,0,36,0,53,75,56,3,37,0
1,85,2017,03,26,17,22,2,1,0,0,13,44,48,57,14,12,0
1,235,2017,03,02,19,27,38,0,22,31,25,72,81,79,39,45,43
1,249,2017,03,07,18,42,31,1,0,37,0,38,53,48,0,42,0
1,227,2017,03,26,17,05,37,1,0,5,0,38,59,38,0,12,0
1,235,2017,03,27,05,02,8,1,0,12,0,51,53,42,13,23,6
1,234,2017,03,11,16,23,30,1,0,30,0,39,50,43,0,26,0
1,235,2017,03,23,13,10,42,1,0,19,5,43,53,42,0,23,13
1,235,2017,01,28,01,08,9,1,0,27,3,51,56,43,0,33,0
1,235,2017,01,27,15,05,59,1,0,38,0,38,54,46,0,49,14
1,143,2017,01,28,04,59,40,1,0,7,9,39,67,62,0,9,21
1,235,2017,03,01,14,08,49,0,7,22,26,53,65,37,37,17,25
1,235,2017,03,28,18,34,57,1,0,19,0,55,50,56,13,21,0
1,235,2017,03,16,16,06,29,1,0,14,4,36,46,44,1,30,0
1,235,2017,03,20,18,32,0,1,0,12,0,32,65,43,0,16,0
1,69,2017,03,19,17,26,43,1,0,29,9,37,34,54,3,39,0
1,235,2017,01,26,03,41,12,1,0,11,0,48,68,56,0,14,0
1,217,2017,01,30,07,32,33,1,13,16,3,31,75,37,0,20,9
1,214,2017,03,09,15,13,8,1,1,1,6,26,50,54,24,22,17
1,82,2017,03,27,12,37,7,1,12,0,0,54,49,38,17,12,0
1,235,2017,03,03,00,40,7,0,0,13,12,39,56,61,7,11,13
1,235,2017,03,15,23,54,11,1,0,17,12,50,54,56,5,16,0
1,235,2017,03,09,22,39,10,1,0,18,0,25,67,41,0,17,0
1,235,2017,03,15,15,52,13,1,0,16,0,39,52,49,3,6,18
1,75,2017,03,08,13,46,22,1,0,12,7,23,60,50,0,16,9
1,75,2017,01,27,10,46,32,1,3,4,0,52,73,51,6,11,0
1,235,2017,01,26,15,51,20,1,7,21,7,48,38,57,1,22,22
1,156,2017,03,03,22,49,30,0,25,32,39,36,56,28,4,22,42
1,201,2017,03,14,09,31,5,1,0,17,0,29,59,45,0,27,0
1,235,2017,01,24,13,40,15,1,10,0,0,48,54,24,15,6,0
1,235,2017,03,27,05,07,27,1,8,6,22,24,53,53,11,18,0
1,235,2017,03,26,20,34,2,1,0,3,19,47,60,53,27,13,0
1,39,2017,03,17,16,52,47,1,7,20,13,37,50,38,0,26,0
1,220,2017,01,25,08,02,18,1,0,6,0,38,65,37,0,9,0
1,165,2017,03,26,16,54,4,1,0,20,0,36,67,33,0,18,0
1,134,2017,03,24,12,55,50,1,3,0,0,53,52,47,0,7,4
1,235,2017,01,24,01,58,54,1,0,8,11,35,69,60,0,17,0
1,235,2017,03,01,14,09,17,1,0,24,0,38,52,46,0,27,0
1,235,2017,01,24,00,26,38,1,2,14,0,40,48,58,7,19,3
1,235,2017,03,04,13,30,16,1,0,30,0,38,51,46,8,33,7
1,235,2017,01,26,11,59,24,1,23,18,5,45,55,57,23,37,18
1,235,2017,01,29,00,15,22,1,0,13,6,46,44,56,1,18,0
1,235,2017,03,08,20,40,43,1,0,7,1,31,57,50,0,3,10
1,13,2017,03,23,09,12,49,1,0,17,14,35,54,35,0,19,0
1,235,2017,03,23,15,18,44,1,0,0,31,3,53,61,42,29,21
1,143,2017,03,10,00,50,38,1,9,0,5,30,70,39,0,11,0
1,235,2017,01,31,19,47,12,1,7,16,0,59,58,30,2,20,0
1,233,2017,03,15,15,27,24,1,0,17,9,33,60,35,3,34,2
1,235,2017,03,02,14,28,48,1,0,16,0,41,61,55,0,21,5
1,235,2017,01,23,20,18,19,1,0,0,2,45,56,52,2,4,0
1,59,2017,01,26,16,11,36,1,7,3,14,50,51,52,12,0,0
1,158,2017,03,04,00,14,26,1,9,12,0,40,47,51,0,13,8
1,235,2017,03,08,20,03,12,1,31,4,0,30,36,21,8,45,9
1,235,2017,03,02,15,42,39,0,5,27,0,42,31,46,5,38,15
1,82,2017,03,11,16,50,45,1,0,0,1,34,57,54,0,4,2
1,182,2017,03,17,16,57,29,1,0,20,0,39,65,40,0,25,2
1,39,2017,03,25,00,20,39,1,0,20,2,50,73,50,2,26,22
1,82,2017,03,28,17,07,40,1,7,0,0,46,63,41,6,8,0
1,233,2017,03,01,16,11,45,1,0,18,0,39,45,47,0,10,13
1,39,2017,03,09,04,01,44,0,4,36,6,40,50,32,23,49,11
1,235,2017,03,17,01,03,12,1,0,13,5,45,45,47,0,22,0
1,235,2017,03,03,20,21,20,1,0,24,0,41,56,44,0,25,1
1,235,2017,03,26,23,01,46,1,27,21,6,37,52,59,20,25,32
1,235,2017,03,29,23,08,19,1,0,0,2,30,59,57,5,2,0
1,196,2017,03,08,19,05,8,1,2,7,0,50,67,45,0,15,0
1,235,2017,03,08,23,40,3,1,5,49,16,27,46,31,0,37,13
1,214,2017,03,28,09,28,25,1,26,27,16,36,51,45,2,32,0
1,235,2017,01,27,19,20,34,1,0,34,7,29,57,44,0,37,15
1,235,2017,03,04,19,02,2,1,0,40,0,33,45,45,17,54,0
1,103,2017,03,15,13,37,36,1,0,14,0,35,59,37,7,28,8
1,182,2017,03,05,09,18,21,0,8,57,8,35,55,52,0,39,36
1,176,2017,03,28,07,56,59,1,11,2,6,35,61,62,0,1,16
1,74,2017,03,08,13,19,50,0,8,34,45,18,56,29,49,21,21
1,235,2017,03,27,20,33,59,1,0,8,0,51,72,38,0,16,0
1,234,2017,03,22,22,09,58,1,3,7,0,35,57,44,4,11,0
1,100,2017,03,05,20,44,52,1,0,9,22,38,66,49,0,29,0
1,39,2017,03,11,02,12,3,1,0,0,5,35,45,63,19,14,14
1,39,2017,03,21,18,38,48,1,22,13,16,40,55,35,26,35,8
1,156,2017,01,27,09,47,28,1,0,7,2,40,65,46,0,10,0
1,74,2017,03,08,09,29,47,0,2,2,0,50,48,53,7,0,0
1,235,2017,01,31,15,27,30,1,17,11,15,39,67,40,0,24,0
1,235,2017,03,06,20,07,52,1,19,11,4,27,62,50,0,18,3
1,235,2017,03,03,23,21,39,0,10,0,0,47,47,40,2,18,8
1,182,2017,03,04,14,00,32,0,0,0,9,51,55,35,8,3,0
1,235,2017,03,26,21,40,14,1,15,22,0,45,45,47,22,19,3
1,217,2017,01,29,16,04,49,1,3,36,0,47,66,51,4,43,0
1,208,2017,03,08,15,16,1,1,0,33,0,23,54,43,18,49,15
1,235,2017,03,08,14,22,11,1,0,13,12,45,54,49,0,16,0
1,28,2017,03,12,18,10,0,1,0,0,0,33,33,57,8,9,7
1,176,2017,03,10,08,14,44,1,0,24,5,36,55,44,12,26,0
1,235,2017,03,10,19,28,41,1,0,17,0,39,58,40,0,53,0
1,235,2017,01,27,22,14,50,1,13,12,0,51,58,56,6,28,2
1,39,2017,03,23,20,50,12,1,0,0,23,27,43,44,20,29,13
1,59,2017,03,13,07,18,10,1,0,0,25,41,49,50,0,25,12
1,235,2017,03,22,00,03,12,1,0,23,3,37,52,56,0,9,18
1,234,2017,03,20,09,23,42,1,12,18,0,43,35,47,17,41,2
1,235,2017,01,24,18,33,11,1,0,17,5,38,47,49,2,38,17
1,55,2017,03,27,13,20,29,1,0,0,4,45,61,55,0,10,4
1,235,2017,03,22,14,10,20,1,0,7,21,38,37,62,15,34,10
1,234,2017,03,24,11,13,23,1,0,21,0,45,62,38,0,30,0
1,235,2017,03,03,18,15,26,1,0,0,1,36,63,48,0,5,0
1,235,2017,03,07,20,25,50,1,12,25,0,40,52,58,11,32,3
1,59,2017,03,11,22,07,38,1,0,23,0,43,64,60,20,4,5
1,235,2017,03,21,19,14,37,1,4,20,0,35,63,41,0,23,0
1,235,2017,03,08,04,40,11,0,11,32,24,60,65,59,25,16,21
1,217,2017,01,30,03,49,41,1,5,26,23,53,47,34,0,24,0
1,235,2017,03,28,07,07,13,1,0,4,3,36,65,52,0,6,0
1,235,2017,03,24,19,37,22,1,0,22,5,25,46,44,10,32,0
1,220,2017,01,28,12,57,4,1,0,32,23,34,46,47,6,30,21
1,201,2017,03,06,11,45,2,1,4,12,0,45,67,43,0,16,0
1,235,2017,01,23,18,17,7,1,0,10,14,39,43,61,3,24,22
1,235,2017,03,03,14,45,49,1,0,9,23,39,48,42,0,24,0
1,235,2017,01,27,15,16,51,1,0,0,0,32,67,51,0,3,1
1,234,2017,03,21,19,41,48,1,14,15,19,45,57,54,13,29,9
1,235,2017,03,01,17,22,27,1,0,10,3,38,61,46,0,13,0
1,235,2017,03,16,18,05,14,1,0,14,0,43,56,54,0,23,3
1,176,2017,03,08,20,43,35,0,0,0,32,38,18,38,23,2,0
1,182,2017,03,03,16,52,4,0,1,0,0,36,69,37,0,8,2
1,75,2017,03,28,09,14,19,1,6,7,14,41,53,52,0,17,8
1,59,2017,03,04,15,44,56,1,0,11,0,28,64,50,0,24,0
1,235,2017,01,28,17,18,13,1,0,29,8,36,57,41,0,33,0
1,59,2017,03,20,19,48,31,1,0,7,0,46,54,18,0,17,0
1,234,2017,03,25,16,22,51,1,12,10,0,42,55,50,0,20,0
1,74,2017,03,26,11,30,21,1,0,15,12,36,68,49,4,18,22
1,220,2017,03,03,02,34,41,0,0,6,0,48,68,51,5,8,10
1,235,2017,03,02,15,14,15,1,1,17,0,34,47,45,5,32,6
1,235,2017,03,03,21,18,28,0,25,25,26,37,68,32,17,26,0
1,235,2017,03,15,19,00,41,1,0,18,7,36,54,55,0,22,0
1,74,2017,03,21,12,24,14,1,2,0,0,40,63,45,0,7,0
1,177,2017,03,08,17,47,36,0,8,0,0,60,43,31,15,0,14
1,31,2017,03,04,19,42,24,1,8,11,0,45,46,56,0,2,21
1,234,2017,01,31,23,50,19,1,0,31,19,37,62,48,7,43,0
1,100,2017,03,09,18,08,55,1,0,43,0,46,73,63,0,31,15
1,196,2017,03,26,17,30,43,1,0,34,1,4,47,32,16,15,37
1,235,2017,03,07,18,10,49,0,1,14,15,41,58,38,0,16,0
1,174,2017,03,03,15,13,55,0,14,26,26,42,52,57,25,18,4
1,235,2017,01,28,02,23,8,1,0,0,15,41,52,55,0,11,24
1,3,2017,03,16,16,11,49,1,0,23,17,51,47,46,4,27,0
1,241,2017,03,15,13,57,40,1,16,9,3,47,53,66,0,29,7
1,182,2017,03,05,10,06,35,1,0,8,0,30,63,41,0,14,0
1,235,2017,03,03,19,22,27,1,0,6,9,52,65,62,10,17,0
1,235,2017,03,27,21,28,48,1,10,6,0,56,69,51,0,18,0
1,235,2017,03,03,20,48,33,1,4,31,0,56,53,35,4,34,0
1,235,2017,03,07,13,37,44,1,0,23,0,36,61,41,2,29,6
1,235,2017,03,17,18,47,12,1,0,3,22,35,61,60,30,14,1
1,235,2017,03,24,16,48,48,1,23,3,0,46,48,41,0,27,0
1,39,2017,03,03,16,05,57,0,2,30,22,50,76,72,24,31,8
1,235,2017,03,17,22,39,2,1,2,21,0,42,76,52,0,29,0
1,235,2017,03,02,17,43,23,0,9,6,0,24,49,26,9,6,0
1,31,2017,03,07,19,07,42,1,19,21,27,44,54,35,12,19,24
1,182,2017,01,30,12,49,59,1,0,20,13,44,49,56,0,22,17
1,182,2017,03,14,11,58,35,1,12,3,19,45,44,54,6,24,0
1,181,2017,03,26,15,50,6,1,0,7,2,32,65,44,0,11,2
1,103,2017,03,26,08,33,24,1,0,12,0,42,68,46,3,14,0
1,235,2017,01,26,04,12,30,1,12,0,0,45,61,46,0,22,0
1,235,2017,03,15,16,47,48,1,0,30,0,37,66,46,4,29,0
1,235,2017,03,03,16,00,24,1,0,17,5,34,61,38,0,25,0
1,235,2017,01,23,15,25,35,1,0,1,2,30,59,45,0,5,0
1,235,2017,03,14,23,20,24,1,0,12,0,45,55,51,0,24,0
1,234,2017,03,24,21,22,18,1,0,17,20,33,58,53,0,24,1
1,235,2017,03,08,02,55,59,0,26,8,15,63,74,67,12,29,0
1,235,2017,03,09,15,18,39,1,0,6,0,40,73,45,4,19,6
1,199,2017,03,20,14,42,26,1,0,8,5,43,72,59,0,13,0
1,234,2017,01,23,12,58,11,1,2,10,0,57,63,30,11,26,16
1,109,2017,03,09,19,33,9,1,0,5,0,31,53,39,0,8,0
1,234,2017,03,17,09,19,48,1,0,6,0,39,57,43,6,12,0
1,235,2017,03,28,22,26,47,1,0,16,11,13,52,67,30,14,0
1,235,2017,03,28,17,24,59,1,7,5,21,38,63,49,5,30,0
1,234,2017,03,01,19,50,30,0,0,2,0,33,61,44,0,7,0
1,235,2017,01,26,20,14,10,1,0,17,14,37,60,48,0,30,2
1,3,2017,03,13,16,54,49,1,7,2,0,45,44,42,5,25,14
1,13,2017,03,22,09,44,19,1,12,36,15,39,53,30,0,38,0
1,235,2017,03,11,20,27,2,1,3,23,13,55,69,70,7,16,8
1,235,2017,03,13,15,06,9,1,16,29,14,20,62,45,23,10,42
1,174,2017,03,22,14,16,9,1,2,16,1,52,56,37,0,8,14
1,235,2017,03,06,20,11,23,1,0,2,0,38,57,47,0,9,0
1,31,2017,01,31,23,40,31,1,0,10,0,43,64,46,0,23,0
1,233,2017,03,03,09,00,0,1,0,31,6,18,67,23,14,32,0
1,235,2017,01,23,03,03,34,1,0,11,0,42,59,47,0,16,0
1,39,2017,03,05,03,59,55,1,6,8,9,39,44,48,0,9,15
1,55,2017,03,02,11,33,22,1,0,27,0,31,55,54,12,32,8
1,235,2017,03,17,16,39,55,1,9,12,13,41,48,60,6,30,5
1,31,2017,03,28,15,24,54,1,26,18,0,42,36,40,0,29,0
1,235,2017,01,24,20,50,17,1,0,26,2,36,51,51,0,20,15
1,74,2017,03,08,19,42,46,1,0,28,5,42,61,50,1,36,3
1,234,2017,03,28,17,32,38,1,0,0,7,41,59,56,0,3,18
1,235,2017,03,15,18,45,16,1,21,34,4,27,57,43,0,39,1
1,235,2017,03,03,00,16,20,1,0,2,11,23,66,40,29,20,20
1,109,2017,03,01,08,45,19,0,0,0,0,43,53,49,5,0,5
1,182,2017,03,19,21,48,25,1,0,0,0,45,57,44,3,2,0
1,235,2017,03,13,11,44,35,1,0,36,0,18,63,25,0,40,0
1,235,2017,03,10,00,46,54,1,16,15,14,50,49,44,3,22,19
1,102,2017,03,21,17,12,49,1,7,18,26,32,29,39,32,52,2
1,235,2017,03,15,19,22,19,1,17,12,6,41,60,54,0,14,17
1,201,2017,03,12,10,44,43,1,4,34,18,46,60,63,25,28,0
1,235,2017,03,20,00,19,15,1,18,30,14,52,54,44,6,46,6
1,114,2017,03,22,09,59,44,1,0,5,6,36,63,44,0,12,6
1,55,2017,03,28,15,56,12,1,2,0,0,42,60,39,4,4,0
1,74,2017,03,03,09,20,26,1,0,32,0,38,62,52,7,30,17
1,234,2017,03,13,19,42,1,1,0,29,0,47,54,47,7,19,13
1,143,2017,03,19,02,23,19,1,0,21,0,42,42,49,17,7,0
1,235,2017,03,08,15,08,7,1,0,8,5,36,64,45,0,12,0
1,235,2017,03,27,15,06,54,1,0,20,8,46,59,51,14,14,0
1,235,2017,03,09,14,09,42,1,16,11,0,37,62,31,0,16,0
1,235,2017,03,09,01,22,2,1,13,39,4,29,43,40,0,34,0
1,235,2017,03,17,19,13,2,1,8,32,13,54,47,47,0,11,36
1,102,2017,03,10,16,48,35,1,1,39,0,29,69,34,9,36,0
1,214,2017,03,24,07,18,26,1,7,0,0,43,64,47,0,13,0
1,176,2017,01,23,16,29,43,1,0,0,0,33,61,56,8,8,4
1,235,2017,01,31,23,16,16,1,0,42,0,27,60,21,15,49,27
1,235,2017,03,03,13,10,12,1,0,4,0,28,68,27,0,10,0
1,55,2017,03,10,14,29,52,1,22,9,11,55,48,43,33,32,19
1,34,2017,03,18,16,40,15,1,0,12,2,39,73,55,0,14,2
1,156,2017,03,16,13,44,52,1,0,9,0,28,65,48,0,11,0
1,182,2017,03,09,19,09,35,1,0,5,19,54,49,35,4,25,0
1,235,2017,03,05,01,21,57,1,6,33,0,39,54,47,11,31,0
1,100,2017,03,16,06,21,55,1,31,42,26,44,60,48,0,37,0
1,235,2017,01,25,15,37,41,1,0,25,0,38,66,50,0,28,3
1,235,2017,03,09,17,29,59,1,0,14,28,40,46,55,5,19,19
1,182,2017,03,22,08,48,23,1,0,28,10,35,45,49,0,30,0
1,13,2017,03,22,01,40,48,1,0,23,30,21,60,53,35,13,6
1,201,2017,01,29,20,00,21,1,0,27,0,50,74,42,4,34,0
1,234,2017,01,28,22,12,8,1,0,11,0,46,54,42,0,18,0
1,220,2017,03,01,16,19,22,1,0,7,2,32,65,51,0,7,11
1,10,2017,03,02,21,26,14,1,0,19,0,45,47,46,0,26,0
1,235,2017,01,26,18,02,31,1,7,17,4,41,59,35,12,14,0
1,241,2017,01,31,09,55,54,1,2,48,7,49,56,57,12,57,8
1,235,2017,03,08,20,40,6,1,9,11,0,47,72,47,12,7,0
1,235,2017,03,07,00,15,12,1,0,18,0,23,54,43,19,24,12
1,196,2017,03,01,17,56,28,1,0,26,0,48,59,47,11,38,0
1,233,2017,03,09,22,57,8,1,0,9,35,34,53,39,0,39,3
1,235,2017,03,03,20,25,10,1,0,29,0,37,49,52,0,18,21
1,235,2017,03,24,15,05,47,1,0,13,4,30,51,54,13,22,0
1,235,2017,03,04,17,51,36,0,0,2,0,32,74,41,0,7,0
1,13,2017,01,31,07,00,37,1,0,0,5,35,45,56,10,13,0
1,235,2017,03,15,20,34,6,1,12,16,0,45,63,39,0,22,13
1,194,2017,03,14,16,41,21,1,0,11,0,41,66,53,8,3,0
1,99,2017,03,08,19,05,56,0,12,43,30,8,46,20,12,43,4
1,235,2017,03,24,22,56,12,1,3,26,22,49,80,58,17,25,0
1,235,2017,03,07,14,23,50,1,6,22,1,54,64,57,0,25,1
1,235,2017,03,14,17,38,14,1,0,11,0,36,59,39,12,27,23
1,235,2017,03,09,00,16,33,1,11,45,0,37,67,46,0,41,13
1,118,2017,03,22,08,58,21,1,11,14,7,19,62,45,16,5,28
1,235,2017,03,24,17,31,39,1,0,12,0,53,55,56,0,17,4
1,235,2017,03,24,15,07,39,1,0,11,0,34,58,40,4,30,1
1,235,2017,03,15,17,00,19,1,0,22,7,39,45,60,6,41,6
1,227,2017,01,30,17,58,55,1,2,4,21,45,57,58,0,30,3
1,235,2017,03,07,15,22,5,1,7,0,0,46,64,42,0,19,0
1,39,2017,03,01,16,00,29,1,0,15,3,51,55,53,0,26,8
1,217,2017,01,30,11,44,55,1,0,17,22,56,67,36,10,19,0
1,39,2017,03,18,02,46,58,1,3,3,0,43,58,40,8,2,0
1,235,2017,01,23,14,30,58,1,24,13,27,44,51,46,6,42,8
1,37,2017,03,13,04,44,36,1,0,28,9,28,48,52,6,9,40
1,235,2017,03,23,13,39,2,1,0,15,0,34,69,44,0,20,2
1,13,2017,03,01,08,18,23,1,0,9,0,35,62,36,0,15,0
1,74,2017,03,06,16,20,21,0,34,27,26,25,62,43,44,32,15
1,39,2017,03,01,21,44,0,0,0,31,5,26,40,47,27,18,33
1,167,2017,03,02,19,14,24,0,1,30,8,64,74,67,3,25,0
1,55,2017,03,05,14,15,47,0,0,0,6,33,22,63,0,0,8
1,39,2017,03,11,15,35,1,1,0,13,9,42,41,39,11,29,22
1,235,2017,03,17,23,38,49,1,0,17,0,36,62,41,0,19,0
1,235,2017,01,26,18,55,56,1,6,23,0,42,46,49,0,31,0
1,39,2017,01,29,20,15,24,1,0,17,18,44,56,56,11,34,0
1,13,2017,03,27,02,17,13,1,0,8,2,45,56,54,0,8,9
1,41,2017,03,08,23,07,24,1,0,17,9,38,66,41,0,14,4
1,235,2017,03,05,20,33,27,1,9,1,0,39,58,49,0,1,16
1,235,2017,03,04,20,45,38,1,0,12,0,38,62,38,0,16,0
1,13,2017,03,12,23,21,7,1,0,15,3,40,55,53,1,25,6
1,235,2017,03,06,00,58,30,0,42,9,12,40,70,45,41,42,54
1,100,2017,03,13,17,10,39,1,16,45,1,22,45,44,13,36,0
1,182,2017,03,18,18,46,58,1,0,17,0,36,62,45,11,24,0
1,39,2017,03,26,16,46,42,1,13,21,0,51,60,53,18,22,34
1,156,2017,01,27,15,15,16,1,0,21,0,51,45,42,6,31,5
1,235,2017,03,20,19,28,3,1,0,0,0,40,59,41,0,4,0
1,235,2017,03,09,18,11,11,1,0,15,10,45,66,53,0,20,0
1,75,2017,03,06,19,11,20,0,0,0,0,38,69,38,0,0,5
1,235,2017,03,03,00,54,1,1,31,18,12,28,45,32,0,25,0
1,108,2017,03,05,10,35,27,1,0,30,0,47,51,52,21,14,7
1,235,2017,03,22,18,37,57,1,12,43,11,40,56,49,32,27,5
1,235,2017,03,17,21,48,32,1,0,30,0,21,52,25,4,37,0
1,234,2017,03,23,13,12,25,1,0,20,0,34,57,39,0,26,0
1,235,2017,01,23,21,47,13,1,0,2,10,35,66,39,0,20,0
1,235,2017,03,26,16,09,31,1,0,10,8,42,51,58,0,17,10
1,235,2017,01,29,22,58,15,1,2,21,0,48,53,43,5,20,0
1,194,2017,03,09,20,32,8,0,0,0,0,46,71,51,0,4,1
1,234,2017,03,29,09,56,8,1,0,30,21,29,61,45,14,30,20
1,235,2017,03,10,16,01,17,1,0,27,3,12,34,38,0,18,32
1,194,2017,03,26,11,32,47,1,0,2,7,48,60,55,12,4,0
1,234,2017,03,12,17,08,12,1,4,23,3,42,60,45,0,26,3
1,235,2017,03,07,05,26,4,0,11,16,14,55,73,44,6,8,0
1,235,2017,03,28,18,11,8,1,0,15,0,44,71,48,0,20,0
1,235,2017,03,07,19,12,9,1,9,0,0,42,65,43,4,12,0
1,194,2017,03,16,10,31,2,1,0,8,0,35,56,44,0,13,0
1,128,2017,03,15,16,25,36,1,9,0,0,42,67,44,0,11,0
1,235,2017,01,26,03,15,43,1,0,9,3,32,54,41,0,9,8
1,143,2017,03,01,02,26,42,0,0,5,0,42,49,53,8,13,0
1,100,2017,03,09,14,43,19,0,1,4,5,42,73,41,3,12,0
1,109,2017,03,04,17,37,14,0,24,33,37,18,54,25,26,26,34
1,235,2017,03,06,15,58,36,0,15,0,0,53,55,44,18,24,29
1,235,2017,01,28,01,48,22,1,0,24,0,53,59,55,0,25,6
1,235,2017,03,05,01,00,17,1,6,16,0,42,59,34,0,27,14
1,235,2017,01,29,04,19,4,1,0,0,0,42,62,38,0,4,0
1,235,2017,03,03,14,22,46,1,22,23,2,52,42,52,12,28,3
1,235,2017,03,27,23,40,56,1,4,36,29,48,46,36,20,49,6
1,235,2017,03,03,22,44,7,0,22,12,0,39,72,57,35,12,0
1,39,2017,03,26,17,15,28,1,4,16,0,43,54,38,5,28,0
1,109,2017,01,29,16,25,57,1,0,4,5,44,61,63,4,2,17
1,235,2017,03,10,20,02,40,1,0,40,0,38,48,43,7,53,0
1,214,2017,03,10,13,01,48,0,0,14,25,51,81,36,32,27,0
1,234,2017,03,08,14,42,54,0,0,0,0,39,55,56,0,3,5
1,196,2017,01,31,13,04,36,1,2,15,9,38,60,58,0,0,22
1,235,2017,01,23,15,44,10,1,0,30,27,36,53,50,6,34,0
1,235,2017,03,02,18,13,9,1,0,8,0,33,58,49,0,12,0
1,39,2017,03,19,07,12,15,1,0,0,7,32,52,49,9,13,22
1,235,2017,03,24,14,18,56,1,27,23,3,26,51,47,0,6,21
1,39,2017,03,05,17,09,38,1,6,20,7,39,61,55,3,10,10
1,39,2017,03,06,18,43,26,0,0,9,0,35,53,45,1,18,0
1,234,2017,03,25,21,35,16,1,0,16,16,41,48,28,8,38,19
1,235,2017,03,28,17,55,58,1,0,20,0,23,40,38,20,29,9
1,21,2017,03,10,17,38,4,1,0,14,4,37,49,48,8,29,0
1,235,2017,01,30,19,07,38,1,0,28,0,33,56,62,7,36,17
1,31,2017,03,13,01,15,8,1,4,15,0,43,63,40,0,23,0
1,235,2017,03,20,02,49,39,1,3,10,1,37,58,52,0,11,2
1,235,2017,01,27,13,51,38,1,0,19,0,37,61,42,0,29,0
1,165,2017,03,22,15,06,6,1,0,26,4,22,56,54,16,18,33
1,241,2017,01,31,07,43,10,1,0,19,6,34,55,48,0,21,16
1,235,2017,03,17,23,03,2,1,31,31,18,38,44,55,0,21,20
1,235,2017,03,24,18,43,20,1,0,23,0,50,43,28,0,26,3
1,182,2017,03,09,16,29,41,0,0,18,0,41,44,38,23,30,34
1,235,2017,03,08,16,50,35,0,0,0,3,39,63,52,8,15,0
1,13,2017,03,13,10,03,37,1,7,0,0,47,68,49,5,15,8
1,37,2017,03,19,04,08,3,1,0,0,0,43,76,56,0,5,2
1,182,2017,03,21,08,59,7,1,11,24,0,39,51,43,29,18,0
1,235,2017,03,09,17,52,44,1,3,39,0,36,49,46,0,45,0
1,234,2017,03,09,04,18,23,0,0,0,3,45,67,64,0,7,6
1,108,2017,03,20,11,13,4,1,15,28,0,39,59,45,22,35,1
1,82,2017,03,26,08,20,51,1,0,38,0,29,47,44,13,34,0
1,82,2017,03,04,22,23,28,0,0,4,3,39,77,58,3,8,1
1,235,2017,03,08,02,47,26,1,0,6,15,45,68,51,0,12,0
1,235,2017,01,24,00,33,15,1,12,1,0,49,73,31,22,0,0
1,235,2017,03,11,21,31,56,1,0,13,22,48,80,54,0,32,0
1,208,2017,03,15,02,25,34,1,0,13,0,32,70,44,0,16,8
1,235,2017,03,07,16,47,32,0,0,4,0,32,56,51,10,8,0
1,234,2017,03,24,20,25,49,1,0,30,2,31,59,33,0,36,0
1,234,2017,01,24,13,37,19,1,4,28,0,40,37,40,12,40,6
1,235,2017,03,21,23,04,13,1,0,20,6,52,53,50,7,33,0
1,235,2017,01,30,22,21,50,1,0,14,15,41,67,51,0,21,0
1,217,2017,01,31,08,03,12,1,0,34,0,37,60,59,0,38,0
1,217,2017,03,17,08,33,53,1,0,29,4,49,72,53,0,30,0
1,235,2017,03,18,21,54,57,1,0,34,14,28,60,47,27,29,28
1,235,2017,03,08,01,03,6,1,2,42,0,34,34,31,26,52,13
1,217,2017,03,01,02,46,17,1,6,1,9,34,48,58,18,19,17
1,235,2017,03,03,01,27,38,0,30,24,17,45,74,62,3,31,4
1,235,2017,03,07,21,32,3,1,8,0,0,47,51,49,0,9,1
1,199,2017,03,05,11,01,47,1,0,1,12,37,62,60,7,5,24
1,39,2017,01,31,01,14,36,1,0,24,0,38,42,42,3,28,1
1,235,2017,01,24,01,22,58,1,0,16,0,40,68,49,11,17,0
1,235,2017,03,09,17,00,18,1,0,16,17,37,59,53,21,34,0
1,234,2017,03,25,10,16,45,1,6,20,0,35,49,56,16,35,0
1,235,2017,03,05,22,42,20,1,24,33,32,60,56,35,9,40,4
1,109,2017,03,06,15,13,8,0,0,8,0,43,42,39,7,15,12
1,235,2017,03,28,12,47,35,1,4,2,0,48,63,41,0,12,0
1,156,2017,03,03,13,12,56,0,0,15,0,39,65,53,0,12,0
1,214,2017,01,24,08,23,33,1,4,4,0,41,60,49,0,12,0
1,182,2017,01,28,18,22,45,1,0,37,0,38,58,44,0,34,16
1,181,2017,03,19,16,04,4,1,0,0,7,38,65,63,0,4,16
1,82,2017,01,29,10,15,20,1,5,36,19,27,57,25,1,46,0
1,235,2017,01,23,14,44,25,1,0,40,0,34,59,39,0,41,2
1,194,2017,03,17,12,56,1,1,0,7,7,30,55,41,7,16,0
1,137,2017,03,04,16,43,31,1,0,3,8,40,54,43,0,11,4
1,34,2017,03,14,22,01,48,1,0,12,10,28,57,48,0,15,22
1,234,2017,03,14,12,47,35,1,13,27,3,27,51,36,0,18,0
1,235,2017,03,10,23,03,22,1,0,21,0,40,62,40,0,21,0
1,39,2017,03,23,22,56,26,1,2,39,4,41,46,41,0,45,0
1,208,2017,01,27,13,27,51,1,17,28,0,25,63,20,12,40,0
1,110,2017,03,17,19,44,13,1,0,27,9,43,65,43,11,45,17
1,235,2017,03,16,21,16,47,1,17,9,3,29,71,63,0,29,1
1,235,2017,03,05,18,45,8,1,12,0,2,33,45,66,0,17,0
1,235,2017,03,08,10,44,47,1,22,10,17,40,52,38,13,24,18
1,235,2017,03,22,01,06,53,1,0,36,0,40,50,38,4,43,6
1,13,2017,03,28,08,57,16,1,5,18,12,43,54,46,0,20,1
1,194,2017,03,13,17,48,30,1,2,17,0,37,63,40,0,18,0
1,235,2017,03,28,21,26,47,1,4,44,7,45,36,36,0,37,7
1,234,2017,03,15,12,50,35,1,0,18,1,30,66,38,4,15,0
1,235,2017,03,27,04,18,57,1,10,7,9,41,66,46,0,24,0
1,235,2017,03,05,00,25,51,1,0,15,0,41,67,48,0,18,0
1,214,2017,01,24,08,37,43,1,5,8,6,35,64,53,0,11,0
1,235,2017,03,27,23,54,25,1,25,23,12,39,37,32,0,25,0
1,181,2017,03,22,12,43,40,1,0,33,10,41,69,57,6,35,0
1,39,2017,03,01,16,41,4,1,0,31,7,23,53,29,19,45,2
1,234,2017,03,15,12,54,55,1,15,20,8,33,61,57,0,7,18
1,234,2017,03,16,13,20,42,1,0,42,10,46,52,43,21,32,0
1,13,2017,01,27,10,14,10,1,0,27,5,24,65,52,23,39,0
1,165,2017,03,28,06,47,18,1,0,0,0,45,51,48,0,3,1
1,234,2017,01,28,17,27,37,1,0,8,0,22,63,37,11,12,0
